{"cameraMode":{"drawMode":0,"name":"Shaded","section":"Shading Mode"},"sceneLighting":false,"audioPlay":false,"sceneViewState":{"showFog":true,"showMaterialUpdate":true,"showSkybox":true,"showFlares":true,"showImageEffects":true,"showParticleSystems":true},"in2DMode":false,"pivot":{"x":154.9540252685547,"y":0.7335185408592224,"z":45.155147552490237},"rotation":{"x":0.10122451186180115,"y":-0.7963293194770813,"z":0.13900265097618104,"w":0.5799065232276917},"size":4.0969109535217289,"orthographic":false}