{"cameraMode":{"drawMode":0,"name":"Shaded","section":"Shading Mode"},"sceneLighting":true,"audioPlay":false,"sceneViewState":{"showFog":true,"showMaterialUpdate":true,"showSkybox":true,"showFlares":true,"showImageEffects":true,"showParticleSystems":true},"in2DMode":false,"pivot":{"x":-13.912784576416016,"y":1.4024819135665894,"z":16.27866554260254},"rotation":{"x":0.01570260524749756,"y":-0.9645883440971375,"z":0.2570215165615082,"w":0.05948415771126747},"size":19.229394912719728,"orthographic":false}