{"cameraMode":{"drawMode":0,"name":"Shaded","section":"Shading Mode"},"sceneLighting":false,"audioPlay":false,"sceneViewState":{"showFog":true,"showMaterialUpdate":true,"showSkybox":true,"showFlares":true,"showImageEffects":true,"showParticleSystems":true},"in2DMode":false,"pivot":{"x":383.154541015625,"y":2.4955155849456789,"z":166.17022705078126},"rotation":{"x":0.02306331880390644,"y":-0.9687057733535767,"z":0.2266247719526291,"w":0.09858284890651703},"size":9.011467933654786,"orthographic":false}