{"cameraMode":{"drawMode":0,"name":"Shaded","section":"Shading Mode"},"sceneLighting":true,"audioPlay":false,"sceneViewState":{"showFog":true,"showMaterialUpdate":true,"showSkybox":true,"showFlares":true,"showImageEffects":true,"showParticleSystems":true},"in2DMode":false,"pivot":{"x":-4.839500904083252,"y":1.5012736320495606,"z":-1.886212944984436},"rotation":{"x":-0.22027571499347688,"y":0.658090353012085,"z":-0.21097177267074586,"w":-0.6886216402053833},"size":12.375471115112305,"orthographic":false}