{"cameraMode":{"drawMode":0,"name":"Shaded","section":"Shading Mode"},"sceneLighting":true,"audioPlay":false,"sceneViewState":{"showFog":true,"showMaterialUpdate":true,"showSkybox":true,"showFlares":true,"showImageEffects":true,"showParticleSystems":true},"in2DMode":false,"pivot":{"x":-12.747859001159668,"y":-7.684213638305664,"z":7.340749740600586},"rotation":{"x":0.012902027927339077,"y":-0.9784295558929443,"z":0.19723153114318849,"w":0.06513203680515289},"size":76.06232452392578,"orthographic":false}