{"cameraMode":{"drawMode":0,"name":"Shaded","section":"Shading Mode"},"sceneLighting":true,"audioPlay":false,"sceneViewState":{"showFog":true,"showMaterialUpdate":true,"showSkybox":true,"showFlares":true,"showImageEffects":true,"showParticleSystems":true},"in2DMode":false,"pivot":{"x":-8.730756759643555,"y":4.532684326171875,"z":-13.899215698242188},"rotation":{"x":0.2676934599876404,"y":-0.22169645130634309,"z":0.06364712119102478,"w":0.9356909394264221},"size":24.349550247192384,"orthographic":false}