{"cameraMode":{"drawMode":0,"name":"Shaded","section":"Shading Mode"},"sceneLighting":false,"audioPlay":false,"sceneViewState":{"showFog":true,"showMaterialUpdate":true,"showSkybox":true,"showFlares":true,"showImageEffects":true,"showParticleSystems":true},"in2DMode":false,"pivot":{"x":156.17880249023438,"y":0.7086478471755981,"z":17.124858856201173},"rotation":{"x":0.08682771772146225,"y":-0.8976553678512573,"z":0.3803829550743103,"w":0.2049015760421753},"size":9.415754318237305,"orthographic":false}