{"cameraMode":{"drawMode":0,"name":"Shaded","section":"Shading Mode"},"sceneLighting":false,"audioPlay":false,"sceneViewState":{"showFog":true,"showMaterialUpdate":true,"showSkybox":true,"showFlares":true,"showImageEffects":true,"showParticleSystems":true},"in2DMode":false,"pivot":{"x":61.32505416870117,"y":1.5437853336334229,"z":93.7530746459961},"rotation":{"x":0.05071362853050232,"y":0.6617047786712647,"z":-0.04494268074631691,"w":0.7466961741447449},"size":2.680145502090454,"orthographic":false}