{"cameraMode":{"drawMode":0,"name":"Shaded","section":"Shading Mode"},"sceneLighting":false,"audioPlay":false,"sceneViewState":{"showFog":true,"showMaterialUpdate":true,"showSkybox":true,"showFlares":true,"showImageEffects":true,"showParticleSystems":true},"in2DMode":false,"pivot":{"x":367.3846740722656,"y":1.6701021194458008,"z":158.96493530273438},"rotation":{"x":0.1848587840795517,"y":-0.7046144604682922,"z":0.19866353273391725,"w":0.6556512117385864},"size":6.163430690765381,"orthographic":false}