{"cameraMode":{"drawMode":0,"name":"Shaded","section":"Shading Mode"},"sceneLighting":true,"audioPlay":false,"sceneViewState":{"showFog":true,"showMaterialUpdate":true,"showSkybox":true,"showFlares":true,"showImageEffects":true,"showParticleSystems":true},"in2DMode":false,"pivot":{"x":0.025170505046844484,"y":0.6974765062332153,"z":0.0003936290740966797},"rotation":{"x":-0.2561821937561035,"y":0.1400458961725235,"z":-0.037538472563028339,"w":-0.955705463886261},"size":7.6721930503845219,"orthographic":false}