{"cameraMode":{"drawMode":0,"name":"Shaded","section":"Shading Mode"},"sceneLighting":false,"audioPlay":false,"sceneViewState":{"showFog":true,"showMaterialUpdate":true,"showSkybox":true,"showFlares":true,"showImageEffects":true,"showParticleSystems":true},"in2DMode":false,"pivot":{"x":96.48190307617188,"y":3.4452264308929445,"z":143.83615112304688},"rotation":{"x":0.02306331880390644,"y":-0.9687057733535767,"z":0.2266247719526291,"w":0.09858284890651703},"size":14.34948444366455,"orthographic":false}