{"cameraMode":{"drawMode":0,"name":"Shaded","section":"Shading Mode"},"sceneLighting":false,"audioPlay":false,"sceneViewState":{"showFog":true,"showMaterialUpdate":true,"showSkybox":true,"showFlares":true,"showImageEffects":true,"showParticleSystems":true},"in2DMode":false,"pivot":{"x":-13.681938171386719,"y":-12.232831954956055,"z":-2.86912202835083},"rotation":{"x":0.21814413368701936,"y":-0.7527776956558228,"z":0.30233654379844668,"w":0.5432002544403076},"size":24.753110885620118,"orthographic":false}