{"cameraMode":{"drawMode":0,"name":"Shaded","section":"Shading Mode"},"sceneLighting":false,"audioPlay":false,"sceneViewState":{"showFog":true,"showMaterialUpdate":true,"showSkybox":true,"showFlares":true,"showImageEffects":true,"showParticleSystems":true},"in2DMode":false,"pivot":{"x":-19.84374237060547,"y":-10.362743377685547,"z":10.001774787902832},"rotation":{"x":0.21814413368701936,"y":-0.7527776956558228,"z":0.30233654379844668,"w":0.5432002544403076},"size":47.47605895996094,"orthographic":false}