{"cameraMode":{"drawMode":0,"name":"Shaded","section":"Shading Mode"},"sceneLighting":false,"audioPlay":false,"sceneViewState":{"showFog":true,"showMaterialUpdate":true,"showSkybox":true,"showFlares":true,"showImageEffects":true,"showParticleSystems":true},"in2DMode":false,"pivot":{"x":116.41722106933594,"y":2.9608798027038576,"z":23.322450637817384},"rotation":{"x":0.05312883481383324,"y":-0.8959826827049255,"z":0.4265415668487549,"w":0.11160064488649368},"size":20.418655395507814,"orthographic":false}