{"cameraMode":{"drawMode":0,"name":"Shaded","section":"Shading Mode"},"sceneLighting":false,"audioPlay":false,"sceneViewState":{"showFog":true,"showMaterialUpdate":true,"showSkybox":true,"showFlares":true,"showImageEffects":true,"showParticleSystems":true},"in2DMode":false,"pivot":{"x":127.720458984375,"y":1.8719998598098755,"z":25.030311584472658},"rotation":{"x":0.05312883481383324,"y":-0.8959826827049255,"z":0.4265415668487549,"w":0.11160064488649368},"size":9.419872283935547,"orthographic":false}