{"cameraMode":{"drawMode":0,"name":"Shaded","section":"Shading Mode"},"sceneLighting":true,"audioPlay":false,"sceneViewState":{"showFog":true,"showMaterialUpdate":true,"showSkybox":true,"showFlares":true,"showImageEffects":true,"showParticleSystems":true},"in2DMode":false,"pivot":{"x":1.1650490760803223,"y":2.9319372177124025,"z":3.7379441261291506},"rotation":{"x":-0.21022385358810426,"y":-0.532020092010498,"z":0.1383664458990097,"w":-0.8085117936134338},"size":8.086938858032227,"orthographic":false}