{"cameraMode":{"drawMode":0,"name":"Shaded","section":"Shading Mode"},"sceneLighting":true,"audioPlay":false,"sceneViewState":{"showFog":true,"showMaterialUpdate":true,"showSkybox":true,"showFlares":true,"showImageEffects":true,"showParticleSystems":true},"in2DMode":false,"pivot":{"x":49.08835983276367,"y":-0.7146399021148682,"z":-59.79373550415039},"rotation":{"x":-0.1461697667837143,"y":0.84774249792099,"z":-0.3012119233608246,"w":-0.41138601303100588},"size":5.6087751388549809,"orthographic":false}