{"cameraMode":{"drawMode":0,"name":"Shaded","section":"Shading Mode"},"sceneLighting":true,"audioPlay":false,"sceneViewState":{"showFog":true,"showMaterialUpdate":true,"showSkybox":true,"showFlares":true,"showImageEffects":true,"showParticleSystems":true},"in2DMode":false,"pivot":{"x":-22.982667922973634,"y":7.65423583984375,"z":-0.4593658447265625},"rotation":{"x":-0.3144490420818329,"y":-0.05586607754230499,"z":0.01841222681105137,"w":-0.9475954174995422},"size":39.69865036010742,"orthographic":false}